price,merchant_id,inventory,name,description,photo_url,category
3.05,12,38,Green Leaf Bromeliaceae,Lorem ipsum Square Grouper turtle Sloppy Joes queen conch Captain Tony beer stern laid back art one human family gecko Pan Am Airways watersports sunset dolphin conch republic old town west martillo port mooring palm tree cleat fantasy fest custom house sub-tropical higgs beach Blue Heaven shipwreck cafe con leche sunset key Fort Zachary,https://cdn.pixabay.com/photo/2015/06/05/16/34/tillandsia-798636_960_720.jpg,air
8.76,17,10,Bromeliads,cigar treasure harbor homeless sun Key West ipsum US 1 western union schooner shrimp Ernest Hemingway Over-Seas Highway web design osprey Captain Eric mangroves cuban Lou Gehrig starboard Key West sailing sand key florida straights stock island roosters salvage gulf of mexico,https://www.nps.gov/ever/learn/nature/images/AirPlant.jpg,air
9.07,14,39,Giant Air Plant,sunset celebration cuban missile crisis sunset cuban chug Whitehead Street reef gay sun tan US 1 custom house little white house gulf of mexico Harry Truman southernmost city Thomas Edison bow simonton Captain Eric,https://www.nps.gov/ever/learn/nature/images/Tutriculata_1.jpg,air
6.24,13,25,Tillandsia Bloom,Lorem ipsum Mile Zero coast guard Key West ipsum starboard bone cay Lou Gehrig eagle osprey salvage treasure fleming key Over-Sea Railroad Fort Jefferson western dry rocks stern key lime sunset celebration snorkel beer mallory square web design custom house mooring cuban mix queen conch sunset conch republic ba,https://upload.wikimedia.org/wikipedia/commons/1/19/Tillandsia_bloom.jpg,air
9.34,7,79,Lobaria Pulmonaria,west martillo shrimp tank island web design yellow tail Key West ipsum lesbian eastern dry rocks sunset celebration cuban missile crisis sunset cuban chug Whitehead Street reef gay sun tan US 1 custom house little white house gulf of mexico Harry Truman southernmost city Thomas Edison bow,https://upload.wikimedia.org/wikipedia/commons/d/da/Lobaria_pulmonaria_010108c.jpg,air
7.51,5,51,Bromeliad Epiphyte,West ipsum starboard bone cay Lou Gehrig eagle osprey salvage treasure fleming key Over-Sea Railroad Fort Jefferson western dry rocks stern key lime sunset celebration snorkel beer mallory square web design custom house mooring cuban mix queen conch sunset conch republic bahama village sub-tropical,https://upload.wikimedia.org/wikipedia/commons/a/a0/Bromeliad_epiphyte_on_Cycad.jpg,air
5.07,10,90,Bromeliad Epiphytes,Oes queen conch Captain Tony beer stern laid back art one human family gecko Pan Am Airways watersports sunset dolphin conch republic old town west martillo port mooring palm tree cleat fantasy fest custom house sub-tropical higgs beach Blue Heaven shipwreck cafe con leche sunset key,https://c2.staticflickr.com/4/3268/2589964987_c35bc7ebc1_z.jpg?zz=1,air
2.11,17,49,Pitcairnia Dendroidea,Fish palm tree dredgers key Pan Am Airways Captain Tony music shipwreck Henry Flagler mel fisher bahama village Fort Zachary dingy Matthew C. Perry cafe con leche dry tortugas harbor east martillo mosquitos Over-Sea Railroad Blue Heaven Spanish galleon Santa,https://c1.staticflickr.com/8/7257/7115269581_cd9aa4fa5d_b.jpg,air
8.63,11,18,Angraecum Stella-africae,Airways watersports sunset dolphin conch republic old town west martillo port mooring palm tree cleat fantasy fest custom house sub-tropical higgs beach Blue Heaven shipwreck cafe con leche sunset key Fort Zachary Thomas Edison cigar treasure harbor homeless,https://c1.staticflickr.com/6/5294/5585808158_b9f50e5505_b.jpg,air
2.89,20,59,Tillandsia Streptocarpa,Shrimp parrot heads sun buoy Green Parrot Key West cuba Key West christmas tree island star fish palm tree dredgers key Pan Am Airways Captain Tony music shipwreck Henry Flagle,https://upload.wikimedia.org/wikipedia/commons/1/13/Tillandsia_streptocarpa_-_flower.jpg,air
8.48,9,31,Ginseng Roots,Duval street Truman Annex lobster cafe con leche beach osprey Henry Flagler coast guard boat cleat Sunset pier laid back tank island Pan Am Airways cuba sub-tropical old town,https://www.nps.gov/grsm/learn/nature/images/Ginseng_upclose2.jpg,air
2.33,24,75,Creeping,Evergreen,Captain Tony slosh ball Matthew C. Perry golf Over-Seas Highway sailfish smathers beach,https://cdn.pixabay.com/photo/2016/04/01/10/51/creeping-1300062_960_720.png,air
3.76,13,40,Bird of Paradise,Lorem ipsum Laid Back margarita Captain Eric harbor cleat stern cuban Green Parrot sand key lobster chickens east martillo mel fisher key lime navy lesbian dry tortugas Sloppy Joes parrot,https://c1.staticflickr.com/9/8485/8190627451_404e5cb745_b.jpg,tropical
7.95,9,12,Pink Ginger,heads golf swim coast guard conch republic cuban missile crisis beach rest beach channel watersports mosquitos web design Blue Heaven Key West smathers beach,https://c1.staticflickr.com/8/7365/11948766776_dab41ba4eb_b.jpg,tropical
8.06,8,38,Heliconia,Lorem ipsum Gay beer eastern dry rocks cuban missile crisis one human family swim lobster sub-tropical florida straights key deer cuba starboard boca grand fishing tank island margarita Fort Zachary smathers beach sand key channel,https://upload.wikimedia.org/wikipedia/commons/c/c9/Heliconia_rostrata%2C_Negros_Occ.%2C_Philippines.jpg,tropical
8.71,13,64,Pink Vanda Blooms,Lorem ipsum Henry Flagler schooner wharf Florida Keys parrot heads hurricane rest beach web design sightsee dolphin Blue Heaven and Tennessee Williams sunset boat conch sailfish mallory square old town sunset key coast guard bicycle.,https://upload.wikimedia.org/wikipedia/commons/9/91/White_Anthurium_1.jpg,tropical
6.31,21,11,White Anthurium,Lorem ipsum Slosh Ball west martillo dingy conch fritters turtle Florida Keys salvage yellow tail bone cay sightsee tank island fleming key osprey snorkel kayak conch cuban sailfish sharks Pan Am Airways web development,http://manilablossoms.com/images/detailed/0/1dozwhite_ants.jpg,tropical
5.06,10,82,Purple Tulip Shaped Anthurium,Fort Jefferson Henry Flagler sunset key bahama village shrimp Captain Eric starboard cleat cuban chug lobster old town bicycle cigar square grouper cow key dive Harry Truman homeless mangroves,https://cdn.pixabay.com/photo/2012/02/16/12/28/anthurium-13543_960_720.jpg,tropical
8.2,21,28,Yellow Heliconia Caribaea,dry tortugas coast guard western dry rocks music wisteria island eastern dry rocks hurricane new town mallory square dolphin east martillo swim sunset sun tan little white house eco-tourism sun roosters lesbian,https://cdn.pixabay.com/photo/2016/04/15/17/43/flower-1331519_960_720.jpg,tropical
3.28,16,36,Rattlesnake Calathea,Key West ipsum Whitehead Street sand ocean higgs beach Over-Seas Highway parrot heads Lorem ipsum Bow buoy bicycle new town beach fishing square grouper sub-tropical,https://upload.wikimedia.org/wikipedia/commons/thumb/f/fc/Calathea_crotalifera.jpg/450px-Calathea_crotalifera.jpg,tropical
8.39,20,52,TuTone Dendrobium Spray,Lorem ipsum Bow buoy bicycle new town beach fishing square grouper sub-tropical salvage mallory square fleming key old town higgs beach Over-Seas Highway art Lou Gehrig Captain Eric palm tree conch Spanish galleon Santa Margarita fish,https://upload.wikimedia.org/wikipedia/commons/f/f0/Orqu%C3%ADdea-1.jpg,tropical
6.41,18,44,Cattleya trianae,sharks Pan Am Airways web development Fort Jefferson Henry Flagler sunset key bahama village shrimp Captain Eric starboard cleat cuban chug lobster old town bicycle cigar square grouper cow key dive Harry Truman homeless,https://c1.staticflickr.com/4/3818/10909657333_eaef6149b0_b.jpg,tropical
4.86,5,16,Hibiscus,mallory square dolphin east martillo swim sunset sun tan little white house eco-tourism sun roosters lesbian Key West ipsum Whitehead Street sand ocean higgs beach Over-Seas Highway parrot heads,https://encrypted-tbn2.gstatic.com/images?q=tbn:ANd9GcS1cVaA358bS0FvGQIIXPFxgLeODcYQ6_MO9tJE6Ez6xPy5-Emj,tropical
30.76,13,40,Succulent Collection,Kombucha pour-over blog drinking vinegar glossier. actually post-ironic photo booth. Drinking vinegar keytar mumblecore. cray food truck echo park twee next level YOLO seitan shoreditch fam. Readymade locavore copper mug. hella flannel green juice microdosing.,https://s-media-cache-ak0.pinimg.com/736x/64/18/30/6418303683f23b780f9e6e49e6cf0f2c.jpg,succulents
9.95,9,12,A Succulent,Laid Back Key West music bone cay lesbian new town tank island ship wreck snorkel boat bow mel fisher,https://www.google.com/url?sa=i&rct=j&q=&esrc=s&source=images&cd=&cad=rja&uact=8&ved=0ahUKEwiZ7NmwosXTAhVH7GMKHVmZCbYQjRwIBw&url=https%3A%2F%2Fcommons.wikimedia.org%2Fwiki%2FFile%3AUnidentified_Succulents_(6034229815).jpg&psig=AFQjCNE_sLv3pIOInOWd2gwLkTXv7XdJGQ&ust=1493404205639024,succulents
18.06,8,38,Aeonium,Pink Shrimp parrot heads sun buoy succulents Parrot Key West cuba Key West christmas tree island star fish palm tree dredgers key Pan Am Airways Captain Tony music shipwreck,https://succulentexperiment.files.wordpress.com/2015/03/img_1307_1024.jpg,succulents
20.71,3,64,Aeonium Sunburst,Henry Flagler mel fisher bahama village Fort Zachary dingy Matthew C. Perry cafe con leche dry tortugas harbor east martillo mosquitos Over-Sea Railroad Blue Heaven Spanish,http://www.mastergardenerssandiego.org/newsletter/2011/june/sunburn.jpg,succulents
9.31,1,11,Small Succulent,Santa Margarita golf cuban schooner wharf fantasy fest chickens US 1 conch republic rest beach fleming key Sloppy Joes Truman Annex bone cay boca grand ocean watersports sailing conch fritters bow Over-Seas Highway Harry Truman shrimp,http://i1255.photobucket.com/albums/hh629/irisecheveria/burnedorinfected2.jpg,succulents
15.06,10,82,Purple Succulent,Lorem ipsum Mile Zero coast guard Key West ipsum starboard bone cay Lou Gehrig eagle osprey salvage treasure fleming key Over-Sea Railroad Fort Jefferson western dry rocks stern key lime,http://farm7.static.flickr.com/6073/6034784436_7d038d8343.jpg,succulents
8.2,11,28,Sedeveria,Sunset celebration snorkel beer mallory square web design custom house mooring cuban mix queen conch sunset conch republic bahama village sub-tropical Key West channel bight gecko,https://c2.staticflickr.com/4/3800/13781288253_d707994411_b.jpg,succulents
19.28,16,36,Mix Succulents,Blue Heaven square grouper chickens bicycle west martillo shrimp tank island web design yellow tail Key West ipsum lesbian eastern dry rocks sunset celebration cuban,https://static.pexels.com/photos/105410/pexels-photo-105410.jpeg,succulents
8.39,20,52,Aeonium Succulent,Whitehead Street reef gay sun tan US 1 custom house little white house gulf of mexico Harry Truman southernmost city Thomas Edison bow simonton Captain Eric Ernest customizable cohesive collaboration,https://encrypted-tbn1.gstatic.com/images?q=tbn:ANd9GcQklFIvtFnVw3Al9XXxxdYjXoQoCkY5Eew7toYiGD5mMO5Inwjy5Q,succulents
3.41,18,44,Baby Succulent,Hemingway schooner wharf web design dredgers key 90 miles ship wreck Duval street Truman Annex lobster cafe con leche beach osprey Henry Flagler coast guard boat cleat,http://lifeofbunny.com/wp-content/uploads/2014/07/Baby-toes-300x225.jpg,succulents
5.3,1,81,Rosemary,Gumbo beet greens corn soko endive gumbo gourd. Parsley shallot courgette tatsoi pea sprouts fava bean collard greens dandelion okra wakame tomato. Dandelion cucumber earthnut pea peanut soko zucchini,https://c1.staticflickr.com/3/2314/2213247365_1a58b0ea47_z.jpg?zz=1,herbs
3.23,10,54,Sage,Nori grape silver beet broccoli kombu beet greens fava bean potato quandong celery. Bunya nuts black-eyed pea prairie turnip leek lentil turnip greens parsnip. Sea lettuce lettuce water chestnut eggplant winter purslane fennel azuki bean earthnut pea sierra leone bologi leek soko chicory celtuce parsley jacama salsify.,https://cdn.pixabay.com/photo/2016/07/27/09/30/sage-1544883_1280.jpg,herbs
4.44,15,96,Mint,Celery quandong swiss chard chicory earthnut pea potato. Salsify taro catsear garlic gram celery bitterleaf wattle seed collard greens nori. Grape wattle seed kombu beetroot horseradish carrot squash brussels sprout charda,https://cdn.pixabay.com/photo/2015/05/26/19/26/lemon-balm-785195_1280.jpg,herbs
8.8,4,45,Thyme,Pea horseradish azuki bean lettuce avocado asparagus okra. Kohlrabi radish okra azuki bean corn fava bean mustard tigernut jAcama green bean celtuce collard greens avocado quandong fennel gumbo black-eyed pea. Grape silver beet watercress potato tigernut corn groundnut. Chickweed okra pea winter purslane coriander yarrow sweet pepper radish garlic brussels sprout groundnut summer purslane earthnut pea tomato spring onion azuki bean gourd. Gumbo kakadu plum komatsuna black-eyed pea green bean zucchini gourd winter purslane silver beet rock melon radish asparagus spinach,https://c1.staticflickr.com/9/8305/7788318796_65c1267b72_b.jpg,herbs
6.44,15,80,Dill,Beetroot water spinach okra water chestnut ricebean pea catsear courgette summer purslane. Water spinach arugula pea tatsoi aubergine spring onion bush tomato kale radicchio turnip chicory salsify pea sprouts fava bean. Dandelion zucchini burdock yarrow chickpea dandelion sorrel courgette turnip greens tigernut soybean radish artichoke wattle seed endive groundnut broccoli arugula,https://upload.wikimedia.org/wikipedia/commons/4/42/Anethum_graveolens_HC1.jpg,herbs
6.18,3,37,Chives,Soko radicchio bunya nuts gram dulse silver beet parsnip napa cabbage lotus root sea lettuce brussels sprout cabbage. Catsear cauliflower garbanzo yarrow salsify chicory garlic bell pepper napa cabbage lettuce tomato kale arugula melon sierra leone bologi rutabaga tigernut. Sea lettuce gumbo grape kale kombu cauliflower salsify kohlrabi okra sea lettuce broccoli celery lotus root carrot winter purslane turnip greens garlic. JÃ­cama garlic courgette coriander radicchio plantain scallion cauliflower fava bean desert raisin spring onion chicory bunya nuts. Sea lettuce water spinach gram fava bean leek dandelion silver beet eggplant bush tomato,http://maxpixel.freegreatpicture.com/static/photo/640/Pink-Allium-Schoenoprasum-Blossom-Chives-Bloom-1407364.jpg,herbs
5.85,10,85,Lavender,Veggies es bonus vobis proinde vos postulo essum magis kohlrabi welsh onion daikon amaranth tatsoi tomatillo melon azuki bean garlic,https://cdn.pixabay.com/photo/2010/12/13/09/51/lavender-1727_1280.jpg,herbs
3.26,14,97,Oregano,Turnip greens yarrow ricebean rutabaga endive cauliflower sea lettuce kohlrabi amaranth water spinach avocado daikon napa cabbage asparagus winter purslane kale. Celery potato scallion desert raisin horseradish spinach carrot soko. Lotus root water spinach fennel kombu maize bamboo shoot green bean swiss chard seakale pumpkin onion chickpea gram corn pea. Brussels sprout coriander water chestnut gourd swiss chard wakame kohlrabi beetroot carrot watercress. Corn amaranth salsify bunya nuts nori azuki bean chickweed potato bell pepper artichoke,https://upload.wikimedia.org/wikipedia/commons/thumb/c/ce/Cuban_Oregano.jpg/1024px-Cuban_Oregano.jpg,herbs
2.23,20,89,Parsley,Nori grape silver beet broccoli kombu beet greens fava bean potato quandong celery. Bunya nuts black-eyed pea prairie turnip leek lentil turnip greens parsnip. Sea lettuce lettuce water chestnut eggplant winter purslane fennel azuki bean earthnut pea sierra leone bologi leek soko chicory celtuce parsley jacama salsify.,https://static.pexels.com/photos/82367/parsley-herbs-kitchen-82367.jpeg,herbs
5.94,2,5,Bay Laurel,Veggies es bonus vobis proinde vos postulo essum magis kohlrabi welsh onion daikon amaranth tatsoi tomatillo melon azuki bean garlic. parallelism,https://upload.wikimedia.org/wikipedia/commons/thumb/f/f8/Lemon_Grass_1.jpg/576px-Lemon_Grass_1.jpg,herbs
8.23,19,7,Basil,Nori grape silver beet broccoli kombu beet greens fava bean potato quandong celery. Bunya nuts black-eyed pea prairie turnip leek lentil turnip greens parsnip. Sea lettuce lettuce water chestnut eggplant winter purslane fennel azuki bean earthnut pea sierra leone bologi leek soko chicory celtuce parsley ja­cama salsify,https://cdn.pixabay.com/photo/2016/03/27/20/57/healthy-1284252_1280.jpg,herbs
57.08,4,95,Papaya Dwarfs,Mile Zero coast guard Key West ipsum starboard bone cay Lou Gehrig eagle osprey salvage treasure fleming key Over-Sea Railroad Fort Jefferson western dry rocks stern key lime sunset,https://c1.staticflickr.com/4/3473/3399305086_efe2888201_b.jpg,trees
15.33,10,55,Bougainvillea Bonsai,Flagler mel fisher bahama village Fort Zachary dingy Matthew C. Perry cafe con leche dry tortugas harbor east martillo mosquitos Over-Sea Railroad trees Heaven Spanish galleon Santa Margarita golf cuban schooner wharf fantasy fest chickens US 1 conch republic rest beach,https://upload.wikimedia.org/wikipedia/commons/4/41/Bougainvillea_Bonsai.jpg,trees
13.03,2,98,Crassula Ovata,ipsum lesbian eastern dry rocks sunset celebration cuban missile crisis sunset cuban chug Whitehead Street reef gay sun tan US 1 custom house little white house gulf of mexico Harry Truman,https://upload.wikimedia.org/wikipedia/commons/2/27/Crassula_bonsai.jpg,trees
77.83,13,77,Ficus Benjamina,Harry Truman southernmost city Thomas Edison bow simonton Captain Eric Ernest Hemingway schooner wharf web design dredgers key 90 miles ship wreck Duval street Truman Annex lobster cafe con leche beach osprey Henry Flagler coast guard boat cleat Sunset pier,https://upload.wikimedia.org/wikipedia/commons/thumb/a/a0/BBG_-_Ficus_benjamina_-_Forrest.jpg/1280px-BBG_-_Ficus_benjamina_-_Forrest.jpg,trees
56.89,16,7,Bonsai Tree,Pan Am Airways cuba sub-tropical old town Key West bone cay Fort Jefferson glass beach,https://c1.staticflickr.com/6/5553/14137721410_65320b559e_b.jpg,trees
66.37,9,73,Phoenix Roebelenii,Lorem ipsum Laid Back Key West fish boat Key West ipsum fantasy fest coast guard ship wreck and Tennessee Williams Sunset pier Truman Annex sailing little white house sand bahama,https://upload.wikimedia.org/wikipedia/commons/8/86/Phoenix_roebelenii.jpg,trees
27.32,20,81,Schefflera bonsai,Annex sailing little white house sand bahama village sun tan atocha lobster roosters kayak salvage buoy snuba starboard Fort Zachary fleming key cuban missile crisis Captain,https://upload.wikimedia.org/wikipedia/commons/f/fa/Schefflera_bonsai_1.jpg,trees
82.87,8,29,Ficus Tree,Lorem ipsum Square Grouper turtle Sloppy Joes queen conch Captain Tony beer stern laid back art one human family gecko Pan Am Airways watersports sunset dolphin conch republic,https://cdn.pixabay.com/photo/2012/02/22/09/22/three-15333_960_720.jpg,trees
27.06,7,91,Green Tree,Blue Heaven shipwreck cafe con leche sunset key Fort Zachary Thomas Edison cigar treasure harbor homeless sun Key West ipsum US 1 western union schooner shrimp Ernest Hemingway,https://static.pexels.com/photos/38896/pexels-photo-38896.jpeg,trees
88.44,2,17,Cunjevoi,Over-Seas Highway web design osprey Captain Eric mangroves cuban Lou Gehrig starboard Key West sailing sand key florida straights stock island roosters salvage gulf of mexico cuba,https://www.calibrerealestate.com.au/wp-content/uploads/2016/05/Jade-Plant.jpg,trees
51.7,12,26,Cypress Elochka,Shrimp parrot heads sun buoy Green Parrot Key West cuba Key West christmas tree island star fish palm tree dredgers key Pan Am Airways Captain Tony music shipwreck Henry Flagler,https://upload.wikimedia.org/wikipedia/commons/1/16/Baby-indoor-cypress-elochka.fp-frame.jpg,trees
57.84,4,38,Bonsai Aromatici,Harry Truman southernmost city Thomas Edison bow simonton Captain Eric Ernest Hemingway schooner wharf web design dredgers key 90 miles ship wreck Duval street Truman Ergonomic actuating access,http://www.rv-orchidworks.com/orchidtalk/attachments/kodak-moment-not-necessarily-plants/43460d1314267197-bonsai-trees-some-mauras-competition-dsc_0612-01.jpg,trees
13.76,13,40,Hanging Glass Globe,Lorem ipsum Laid Back Key West fish boat Key West ipsum fantasy fest coast guard ship wreck and Tennessee Williams Sunset pier Truman Annex sailing little white house sand bahama,https://c1.staticflickr.com/1/24/100818740_cb319501f1_b.jpg,planters
27.95,9,12,Air Plant Globe,Zero coast guard Key West ipsum starboard bone cay Lou Gehrig eagle osprey salvage treasure fleming key Over-Sea Railroad Fort Jefferson western dry rocks stern key lime sunset celebration,https://c1.staticflickr.com/9/8431/7695448750_9fa76874f5_b.jpg,planters
18.06,8,38,Terrarium bowl,Lorem ipsum Gay beer eastern dry rocks cuban missile crisis one human family swim lobster sub-planters florida straights key deer cuba starboard boca grand fishing tank island margarita Fort Zachary smathers beach sand key channel,https://upload.wikimedia.org/wikipedia/commons/thumb/d/d0/Terrarium_bowl.jpg/1280px-Terrarium_bowl.jpg,planters
26.71,3,64,Flower Pot,Lorem ipsum Henry Flagler schooner wharf Florida Keys parrot heads hurricane rest beach web design sightsee dolphin Blue Heaven and Tennessee Williams sunset boat conch sailfish mallory square old town sunset key coast guard bicycle,https://cdn.pixabay.com/photo/2016/11/21/16/05/cacti-1846147_960_720.jpg,planters
16.31,21,11,Planter,Lorem ipsum Slosh Ball west martillo dingy conch fritters turtle Florida Keys salvage yellow tail bone cay sightsee tank island fleming key osprey snorkel kayak conch cuban sailfish sharks Pan Am Airways web development,https://cdn.pixabay.com/photo/2016/05/14/14/41/flowers-1391954_960_720.jpg,planters
15.06,10,82,Acrylic Water Brandy Vase,Fort Jefferson Henry Flagler sunset key bahama village shrimp Captain Eric starboard cleat cuban chug lobster old town bicycle cigar square grouper cow key dive Harry Truman homeless mangroves,https://s-media-cache-ak0.pinimg.com/736x/29/29/54/292954f449ed549fa8378080bed5df67.jpg,planters
28.2,1,28,Lichen Terrarium,Dry tortugas coast guard western dry rocks music wisteria island eastern dry rocks hurricane new town mallory square dolphin east martillo swim sunset sun tan little white house eco-tourism sun roosters lesbian,https://img1.etsystatic.com/000/0/6259142/il_fullxfull.274511971.jpg,planters
13.13,13,70,Lucky Cactus,With 13 beautiful spines this cactus is sure to bring you luck,cactus_1_lucky.jpg,cacti
49.99,7,42,Brain Cactus,Comes growing in own skull pot,cactus_2_brain_cactus.jpg,cacti
12.00,15,45,Fuzzy Cactus,Looks soft enough to cuddle with,cactus_3_fuzzy.jpg,cacti
20.20,20,0,Eyeball Cactus,For the visionary cactus cultivator,cactus_4_eyeballcacti.jpg,cacti
16.63,4,4,Momma Bear and Baby Bear Cacti,When you are ready for a little one of your own,cactus_5_momma_baby.jpg,cacti
12.95,1,87,Bunny Cactus,For the cartoon lover in you,cactus_6_bunny_cactus.jpg,cacti
10.95,12,4,Star Cactus,Not just for fruit bowls and constellations,cactus_7_star_cactus.jpg,cacti
27.93,13,4,3 Musketeers Cactus,All for one and one for all,cactus_8_3muskateers.jpg,cacti
15.58,5,98,Brittlestar Cactus,A six ribbed cactus with some serious spines,cactus_9_brittlestar.jpg,cacti
38.88,12,100,Tequila Topper Cactus,A prickly pear tequila bottle topper not for the faint of heart,cactus_10_tequila_topper.jpg,cacti
12.99,14,11,Globe Cactus,A sweet round cactus with a dusting of white spines,cactus_11_globe.jpg,cacti
